sites,Geitlerinema_sp.,Geitlerinema_sp2,Geitlerinema_sp3,Komvophoron_sp.,Jaaginema_sp.,Limnothrix_sp1,Limnothrix_sp2,Limnothrix_sp3,Oscillatoria_sp1,Oscillatoria_sp2,Pseudanabaena_limnetica,Pseudanabaena_catenata,cf.Raphidiopsis,Romeria_sp.,cf.Spirulina,Synechocystis_aquatilis,Synechococcus_sp.,Chroococcus_sp.,cf.Cyanobium_sp.,Chroococcales_unicelular_1,Chroococcales_colonial_1,Chroococcales_colonial_3,Chroococcales_colonial_4,Merismopedia_sp,Pseudanabaena_sp1,Pseudanabaena_sp2,Pseudanabaena_sp3,Pseudanabaena_sp4,Pseudanabaena_sp5,Pseudanabaenaceae_1,Pseudanabaenaceae_2,Pseudanabaenaceae_7,Oscillatoriales_1,Oscillatoriales_2,Oscillatoriales_4,Oscillatoriales_6,Aulacoseira_granulata,Aulacoseira_sp1,Aulacoseira_sp2,Cyclotella_cf.meneghiniana,Cyclotella_sp2,Cyclotella_sp3,Melosira_sp1,Centrales_1,Achnanthes_inflata,Achnanthes_cf.rupestoides,Achnanthes_sp1,Achnanthes_sp2,cf.Achnanthidium_sp,Amphora_sp.,Cymbela_sp.,cf.Encyonema,Fragillaria_capucina,Fragillaria_capucina_var.gracilis,Fragillaria_capucina_cf.var.fragilarioides,Fragillaria_sp.,cf.Frustulia,Gomphonema_augur,Gomphonema_cf.olivaceum,Gomphonema_cf.truncatum,Gomphonema_sp1,Gomphonema_sp2,Gyrosigma/Pleurosigma,Hantszchia_sp.,Navicula_sp1,Navicula_sp2,Navicula_sp3,Navicula_sp4,Naviculales,Nitzschia_sp1,Nitzschia_sp2,Pinnularia_sp_1,Pinnularia_sp2,Pinullaria_sp4,Pinullaria_sp6,Pinnularia_sp_7,Stauroneis_borrichii,Surirella_cf.minuta,Surirella_sp1,Synedra_sp.,cf.Urosolenia,Pennales_1,Pennales_2,Pennales_3,Pennales_4,Pennales_5,Penales_6_,Pennales_7,Pennales_9,Pennales_10,Pennales_11,Pennales_12,Pennales_13,Actinastrum_sp.,Actinastrum_cf.hantzchii,Ankistrodesmus_sp.,Chlorella_sp1,Chlorella_sp_2,Chlorella_sp3,Coelastrum_sp.,Crucigenia_fenestrata,Crucigenia_sp2,Crucigeniella_sp.,Desmodesmus_quadricauda,Desmodesmus_sp1,Desmodesmus_sp2,Desmodesmus_sp3,Desmodesmus_sp4,Desmodesmus_sp5,Dictyosphaerium_sp.,cf.Koliella_sp.,Monoraphidium_arcuatum,Monoraphidium_contortum,Monoraphidium_convolutum,Monoraphidium_komarkovae,Monoraphidium_minutum,Oocystis_sp1,Oocystis_sp2,Oocystis_sp3,Pandorina_sp.,Pediastrum_sp1,Pediastrum_sp2,Scenedesmus_sp1,Scenedesmus_sp2,Scenedesmus_sp3,Scenedesmus_sp_4,Chlorococcales_1,Chlorococcales_2,Chlorococcales_3,Chlorococcales_4,Chlorococcales_5,Chlorococcales_6,Chlorococcales_7,cf.Cryptomonas_sp1,cf.Cryptomonas_sp2,Cryptophyceae_1,Cryptophyceae_2,Cryptophyceae_3,Cosmarium_sp.,Staurastrum_sp.,Staurodesmus_sp.,Dinobryon_sp.,Euglena_sp1,Euglena_sp2,Euglena_sp3,Phacus_sp.,Strombomonas_sp.,Trachelomonas_sp.,Flagellates_1,Flagellates_2
MAI P1,316.68,424.12,0,31.81,0,0,0,0,0,7241.28,791.7,0,0,0,0,64.54,0,0,0,0,14.14,17.16,0,0,0,2945.25,8529.45,0,0,0,0,0,0,0,0,0,0,2262.89,0,0,0,0,0,0,0,0,0,0,0,0,0,0,0,0,0,0,0,0,0,0,0,0,0,0,0,344.57,0,0,0,0,0,0,0,0,0,0,0,0,0,38091.46,0,0,0,0,0,0,0,0,0,0,0,0,0,0,0,0,0,0,0,0,0,0,0,0,0,0,0,0,0,0,0,0,0,0,0,0,0,0,0,0,0,0,0,0,0,132,0,0,0,0,0,0,0,0,0,0,0,0,0,0,0,0,0,0,0,0,0,0,0,0
JUN P1,0,0,0,0,0,0,0,0,0,0,8143.2,0,0,0,0,0,0,107.76,0,0,0,0,0,0,0,0,0,135905.28,0,8482.56,0,0,0,0,0,0,0,0,0,0,0,0,0,0,0,0,0,0,0,0,0,0,0,0,0,0,0,0,0,0,0,0,0,0,0,0,0,0,0,0,0,0,0,0,0,0,0,0,0,0,0,0,7991.184,0,0,0,0,0,0,0,0,0,0,0,0,0,0,0,0,0,0,0,0,0,0,0,0,0,0,0,0,0,0,0,0,0,0,0,0,0,0,0,0,0,0,0,333.408,1018.464,0,0,0,0,0,0,0,0,0,0,0,0,0,0,0,0,0,0,0,0,0,0
JUL P1,0,0,0,0,0,0,0,0,0,0,678.6,0,31.815,188.49,0,145.215,18.855,0,0,81.705,0,0,0,0,0,0,0,0,0,0,0,0,0,0,0,0,758.13,0,0,430.05,0,0,0,0,8591.88,1665.54,156.21,0,0,0,0,0,3158.775,0,0,0,0,216.15,0,0,0,0,0,0,7783.245,1033.71,0,0,5657.1,382.8,0,40768.83,0,0,0,0,643.245,0,0,38091.46,0,2641.32,2497.245,0,0,0,0,0,0,0,0,0,0,0,0,176.715,98.175,0,0,0,0,0,0,941.35,476.595,0,0,0,0,0,0,0,23.235,83.97,0,56.55,0,0,0,0,612.615,0,0,0,0,0,0,2864.43,0,0,337.74,0,1159.785,0,0,0,0,0,0,0,8274.195,0,12089.925,0,0,0,0,0,0,0
AGO P1,0,0,0,0,0,15331.008,0,0,13291.9488,0,4415.424,22996.512,0,0,0,1102.3432,81.7888,109.556,0,0,0,0,0,0,41410.9968,0,0,69085.184,0,0,1554.6216,0,0,0,0,0,0,0,0,1399.096,801.3936,0,0,0,0,1806.1856,0,0,0,0,0,0,0,0,0,0,0,0,8269.6968,0,0,0,0,0,0,6726.0064,0,0,0,0,0,0,58687.0752,0,0,0,0,0,0,0,0,0,0,0,0,0,0,0,0,0,0,0,0,0,0,0,1277.584,228.2376,0,0,0,0,0,0,0,0,0,0,0,0,0,0,0,0,0,0,0,0,0,0,0,0,0,0,0,0,2033.7888,2070.8768,0,0,0,0,0,0,0,0,0,0,0,0,0,0,0,0,0,25554.2176,2555.168,14022.7776,0,0
SET P1,0,0,0,0,0,0,0,0,0,4344.768,14114.88,11309.76,0,0,0,2788.128,0,0,0,0,0,0,0,0,27154.752,0,60047.328,87367.68,0,67860.48,2548.56,0,0,0,0,0,0,0,0,0,0,0,0,0,0,0,0,0,0,0,0,0,0,0,0,0,0,0,0,0,0,0,0,0,0,1653.936,0,0,0,0,0,0,0,0,0,0,0,0,0,0,0,8804.4,0,0,0,0,0,0,0,0,0,0,0,0,0,0,5026.56,673.488,0,0,0,0,0,0,0,0,0,0,0,0,0,0,77.45,0,226.176,0,1743.216,623.424,0,0,0,0,0,0,0,0,2667.264,5092.32,0,0,0,0,0,0,0,0,0,0,0,0,0,0,77375.52,0,0,0,0,0,0,1496.64
OUT P1,2295.93,0,0,2306.225,0,22776.6,0,0,0,0,0,79718.1,0,0,0,0,0,0,729.06,0,0,0,0,0,0,0,32980.54,0,0,0,0,0,0,0,0,0,0,0,0,0,0,0,0,0,0,0,0,870.58,0,0,0,0,0,0,0,0,0,0,0,0,0,0,0,0,0,9992.53,24686.25,0,0,0,0,0,0,0,0,0,0,0,0,0,0,0,24140.035,0,0,0,0,0,0,0,0,0,0,0,0,0,0,0,0,0,0,0,0,0,0,0,0,0,0,0,0,0,0,0,0,0,0,0,0,0,0,0,0,0,0,0,0,0,0,0,0,0,0,0,0,0,0,0,0,0,0,0,0,0,0,0,0,0,0,0
NOV P1,0,0,0,0,0,0,0,0,6537.024,0,0,0,0,0,0,1084.272,60.336,0,0,0,203.616,0,0,0,13577.376,0,8188.272,77660.16,0,1696.512,0,0,0,0,0,0,0,0,0,0,0,0,0,0,0,0,0,0,0,0,0,0,0,0,0,0,0,691.68,0,0,0,0,0,0,8302.128,1653.936,0,3252.96,0,0,1249.92,0,0,0,0,0,0,0,0,95228.65,0,0,0,0,7099.2,0,0,0,0,0,0,3058.176,0,0,0,0,0,0,0,0,0,0,0,0,0,0,0,0,0,0,0,0,0,0,0,0,0,0,0,0,0,0,0,0,0,0,0,2036.928,0,0,0,0,0,0,0,0,0,0,0,0,0,0,0,0,0,0,0,0,0,0
DEZ P1,6111.924,0,0,0,0,30316.44,0,0,0,0,0,106107.54,0,0,0,0,0,0,0,0,0,0,0,0,54592.366,0,0,0,0,0,0,0,0,0,0,3279.07,0,0,0,0,0,0,0,0,0,0,0,0,0,0,0,0,0,0,0,0,0,0,98117.919,0,0,0,0,0,0,0,0,0,0,0,0,0,0,0,0,0,0,0,0,0,0,0,0,0,0,0,0,0,0,0,0,0,0,0,0,0,0,0,0,0,0,0,0,0,0,0,0,0,0,0,0,0,0,0,0,0,0,0,0,0,0,0,0,0,0,0,0,0,0,0,0,0,0,0,0,48506.304,7657.854,0,0,0,0,0,0,0,0,0,0,0,0,0
JAN P1,1527.981,0,0,0,0,0,0,0,0,0,2182.83,0,0,0,0,0,0,0,0,0,0,0,0,0,0,0,0,0,0,0,0,0,0,0,0,0,0,0,0,0,0,0,0,0,0,0,0,0,0,0,0,0,0,0,0,0,0,0,0,0,0,0,0,0,0,0,0,0,0,0,1256.43,0,0,0,0,0,0,0,0,0,0,0,64262.438,0,0,0,0,0,0,0,0,0,0,0,0,0,0,902.661,0,0,0,0,0,0,0,0,0,0,0,0,0,0,0,0,0,0,7009.181,0,0,0,0,0,0,0,0,0,0,0,0,0,0,0,0,0,0,0,0,0,0,0,0,0,0,0,0,0,0,0,0,0
FEV P1,1527.981,4092.758,0,0,0,0,0,0,0,0,2182.83,45474.66,0,0,0,0,0,0,0,0,0,0,0,0,0,0,0,0,0,0,0,0,0,0,0,0,0,0,0,0,0,0,0,0,0,0,0,0,0,0,0,0,0,0,0,0,0,0,0,0,0,0,0,0,0,0,0,0,0,0,0,0,0,0,0,0,0,0,0,0,267224.326,0,0,0,0,0,0,0,0,0,0,0,0,0,0,0,261.8,0,0,0,0,0,0,0,0,1930.2,0,0,0,0,0,0,0,0,0,0,0,0,0,0,0,0,0,0,0,0,277.84,0,0,0,0,0,0,0,0,0,0,0,0,0,0,0,0,0,0,0,0,0,0,0
MAR P1,10695.867,0,0,0,0,0,0,0,0,0,0,45474.66,0,0,0,0,0,0,0,0,0,0,0,0,0,0,0,0,0,0,0,24683.59,0,0,0,0,0,0,0,0,0,0,0,0,0,0,0,0,0,0,0,0,0,0,0,0,0,0,0,0,0,0,0,0,0,0,0,0,0,0,0,0,0,0,0,0,0,0,0,0,0,0,0,0,0,0,0,0,0,0,0,0,0,0,0,0,0,0,0,0,0,0,0,0,0,0,0,0,0,0,0,0,0,0,0,0,0,0,0,0,0,0,0,0,0,0,0,0,0,0,0,0,0,0,0,0,0,0,0,0,0,0,0,0,0,0,0,0,0,0
ABR P1,0,0,0,0,0,0,0,0,0,0,1131,0,0,0,0,0,0,0,0,0,0,0,0,0,0,0,0,0,0,0,0,0,0,989.59,0,0,0,0,0,0,0,0,0,0,0,0,0,0,0,0,0,0,0,0,0,0,0,0,0,0,0,0,0,0,0,0,0,0,0,0,0,0,0,0,0,0,0,0,0,0,0,0,0,0,0,0,0,0,0,0,0,0,0,0,0,0,3337.95,0,0,0,0,0,0,0,0,0,0,0,0,0,0,0,263.33,0,0,0,0,0,0,0,0,0,0,0,0,0,0,0,0,0,0,0,0,0,0,14241.92,0,0,0,0,0,0,0,0,0,0,0,0,0,0
MAI P2,0,0,0,0,0,0,0,0,0,0,0,3769.92,0,0,0,0,0,0,0,0,0,0,0,0,190083.264,4712.4,0,0,0,0,0,0,0,0,0,0,0,0,0,0,0,0,0,0,0,0,0,0,0,0,0,0,0,0,0,0,0,0,0,0,0,0,0,0,0,0,0,0,0,0,0,0,0,0,0,0,0,0,0,0,0,0,0,0,0,0,0,0,0,0,0,0,0,0,0,0,0,0,0,0,0,0,0,0,0,0,0,0,0,0,0,0,0,0,0,0,0,0,0,0,0,0,0,0,0,0,0,0,0,0,0,0,0,0,0,0,0,0,0,0,0,0,77375.52,0,0,0,0,0,0,0
JUN P2,0,0,0,0,0,0,0,0,0,0,8731.32,45474.66,0,0,0,0,0,0,0,0,0,0,0,0,0,18947.775,0,0,0,0,0,0,0,0,0,0,0,43673.777,0,0,0,0,0,0,0,0,0,0,0,0,0,0,0,0,0,0,0,0,0,0,0,0,0,0,0,0,0,0,0,0,0,0,0,0,0,0,0,0,0,0,0,0,0,0,0,0,0,0,0,0,0,0,0,0,0,0,0,0,0,0,0,0,0,0,0,0,0,0,0,0,0,0,0,0,0,0,0,0,0,0,0,0,0,0,0,0,1340.578,0,0,0,0,0,0,0,0,0,0,0,0,0,0,0,0,0,0,0,0,0,0,0
JUL P2,0,0,0,0,0,33929.28,0,0,0,0,2442.96,45239.04,0,0,0,464.688,90.504,0,0,30.168,0,0,0,0,0,42411.6,61412.04,0,0,0,0,0,0,0,0,0,0,0,0,2064.24,0,0,0,0,0,0,0,0,0,0,0,0,0,0,0,0,0,0,0,0,0,0,0,0,0,0,0,0,0,0,0,0,0,0,0,0,0,0,0,0,0,0,0,0,0,0,0,0,0,0,0,0,0,0,0,0,471.24,0,0,0,0,0,0,0,0,0,0,0,0,0,0,0,0,0,0,0,0,0,0,0,0,0,0,0,0,0,2000.448,0,0,0,0,0,0,0,0,0,0,0,0,0,0,0,0,14193.504,0,0,0,0,0,0
AGO P2,0,0,0,0,0,0,0,0,0,0,19317.48,126480.816,0,0,0,1417.2984,0,0,0,0,1035.048,0,0,0,0,0,0,187516.928,0,0,3109.2432,0,5519.0848,0,0,0,0,0,0,0,801.3936,0,0,0,0,0,0,0,0,0,0,0,2055.3096,0,0,0,0,0,0,0,0,0,0,0,0,0,0,0,0,0,0,0,0,0,0,0,0,0,0,0,0,17186.1888,0,0,0,0,0,0,0,0,0,0,0,0,0,0,958.188,228.2376,0,0,0,0,0,0,0,0,0,0,0,0,0,0,0,0,0,0,1772.2696,0,0,0,0,0,177.388,0,0,0,3050.6832,14496.1376,0,0,0,5445.6896,0,0,0,4088.2688,0,0,0,0,0,0,0,0,0,0,0,0,151.5728,380.396
SET P2,0,0,0,0,0,0,0,0,13291.9488,0,22629.048,53658.528,0,0,0,1732.2536,61.3416,0,0,0,0,0,0,0,0,0,0,192451.584,0,0,3109.2432,0,0,0,0,0,0,0,0,0,0,0,0,0,0,0,0,0,0,0,0,0,4110.6192,0,0,35526.2048,0,21799.448,57887.8776,8230.7056,0,0,0,0,0,0,0,0,0,0,0,0,0,0,0,0,0,0,0,0,0,34372.3776,0,62511.6288,0,0,0,0,0,0,0,0,0,0,0,0,1596.98,2054.1384,0,0,0,0,0,0,0,0,0,0,0,0,0,0,0,0,0,0,1772.2696,0,0,0,0,0,0,0,0,0,0,0,0,0,0,0,0,0,0,0,0,0,0,0,0,0,39332.556,0,0,0,0,0,757.864,0
OUT P2,10687.95,0,0,1844.98,0,0,0,0,0,0,0,106029,0,0,0,0,0,0,0,0,551.46,0,0,0,0,0,0,0,0,0,0,0,0,0,0,0,0,0,0,0,0,0,0,0,0,0,0,0,0,0,0,0,0,0,0,0,0,0,0,0,0,0,0,0,0,0,0,0,0,0,0,0,0,0,0,0,0,0,0,0,0,0,0,0,0,0,0,0,0,0,0,0,0,0,0,0,0,0,0,0,0,0,0,0,0,0,0,0,0,0,0,0,0,0,0,0,0,0,0,0,0,0,0,0,0,0,0,0,0,0,0,0,0,0,0,0,0,0,0,0,0,0,0,0,0,0,0,0,0,0
NOV P2,0,0,0,0,0,0,0,0,0,0,3257.28,0,0,0,0,0,0,0,0,0,0,0,0,8232,54309.504,0,0,0,0,0,0,0,0,0,885.552,0,0,0,0,0,0,0,0,0,27494.016,0,0,0,0,0,0,0,16172.928,0,0,0,61927.632,0,40670.64,0,47342.4,0,0,0,0,0,85806,0,0,0,0,0,0,0,0,0,0,0,0,0,0,0,0,0,0,0,0,0,0,0,0,0,0,0,0,0,0,0,0,0,0,0,0,0,0,0,0,0,0,0,0,0,0,89.568,0,0,0,0,0,0,0,0,0,0,0,0,0,0,0,0,0,0,0,0,0,0,0,0,0,0,0,0,0,0,0,0,0,0,0,0
DEZ P2,0,0,0,0,0,0,0,0,0,0,0,166740.42,0,0,0,0,0,0,0,0,0,0,0,0,0,0,0,0,0,0,0,0,0,0,0,0,0,0,0,5533.31,9508.338,0,0,0,0,0,0,0,0,0,0,0,0,0,0,0,19153.899,0,32705.973,0,0,0,0,0,0,0,0,0,0,0,0,0,0,0,0,0,0,0,0,0,0,0,0,0,0,0,0,0,0,0,2364.636,12296.416,0,0,0,0,1263.185,0,0,0,0,0,0,0,0,0,0,0,0,0,0,0,0,0,0,0,0,0,0,0,0,0,0,0,1263.957,0,0,0,0,0,0,0,0,0,0,0,0,0,0,0,0,0,0,0,0,0,0,0,0,0
JAN P2,1527.981,0,0,0,6507.188,0,0,0,0,0,0,106107.54,0,0,0,0,0,0,0,0,0,0,0,0,0,0,54872.795,0,0,0,0,0,0,0,0,11476.745,0,0,0,0,0,0,0,0,0,0,0,0,0,0,0,0,8128.581,0,0,0,0,0,32705.973,0,0,0,0,0,0,0,32858.25,0,0,14776.08,0,0,0,0,0,0,0,0,0,0,0,0,0,0,0,0,0,0,0,0,0,0,0,0,0,0,0,0,6724.892,0,0,0,0,0,0,0,0,0,0,0,0,0,0,0,0,727.61,0,0,0,0,0,0,0,0,0,231.6,0,0,0,0,0,0,0,14855.017,0,16168.768,22973.562,0,0,0,0,0,0,0,0,0,0,0,2397.832,0
FEV P2,767.949,0,0,0,0,0,0,0,0,0,0,0,0,0,0,0,0,0,0,0,0,0,0,3327.1,0,0,0,0,0,0,0,0,0,0,0,0,0,0,0,0,0,0,0,0,0,0,0,0,0,0,0,0,4085.349,0,0,0,0,0,16437.717,0,0,0,0,0,0,0,0,0,0,0,0,0,0,0,0,0,0,0,0,0,0,0,0,0,0,0,0,0,0,0,0,0,0,0,0,0,0,0,0,0,0,0,0,0,0,0,0,0,0,0,0,0,0,0,0,0,0,0,0,0,0,0,0,0,0,0,0,0,0,0,0,0,0,0,0,0,0,0,0,0,0,0,0,0,0,0,0,0,0,0
MAR P2,0,0,0,0,0,0,0,0,0,0,1639.95,45553.2,0,0,0,0,0,0,0,0,0,0,0,0,123044.97,0,0,0,0,0,0,0,0,2049.865,0,0,0,0,0,0,0,0,0,0,0,0,0,0,0,0,0,0,0,0,0,0,0,0,0,0,0,0,0,0,0,0,0,0,0,0,0,0,0,0,0,0,0,0,0,0,0,0,0,0,0,0,0,0,0,0,0,0,0,0,0,0,0,0,0,0,0,0,0,0,0,0,0,0,0,0,0,0,0,0,0,0,0,0,0,0,0,0,0,0,0,0,0,0,0,0,0,0,0,0,0,0,0,0,0,0,0,0,0,0,0,0,0,0,0,0
ABR P2,0,0,0,0,0,0,0,0,0,0,0,9110.64,0,0,0,0,0,0,0,0,0,0,0,0,0,0,0,0,0,0,0,0,0,0,0,0,0,0,0,0,0,0,0,0,0,0,0,0,0,0,0,0,0,0,0,0,0,0,0,0,0,0,0,11205.6,0,0,0,7861.32,0,0,0,0,0,0,0,0,0,0,0,0,0,0,0,0,0,20466.112,0,0,0,0,0,0,0,0,983.912,0,0,0,0,16362.5,0,0,0,0,0,0,0,0,0,0,0,0,0,0,546.592,0,0,0,0,0,0,0,0,0,0,0,0,0,0,0,0,0,0,0,0,0,0,0,0,0,0,0,0,0,0,0,0,0,0,0
MAI P3,0,0,0,0,0,0,0,0,0,0,0,0,0,0,0,0,0,0,0,0,0,0,0,0,0,0,1370.3983,0,0,0,0,0,0,0,0,0,0,0,0,0,0,0,0,0,0,0,0,0,0,0,0,0,0,0,0,0,2391.7563,0,0,0,0,0,0,0,4168.3601,0,0,0,0,0,0,0,0,0,0,0,0,0,0,0,0,0,0,0,0,0,0,0,0,0,0,0,0,0,0,0,0,0,0,0,0,0,0,0,0,0,257.4121,0,0,0,0,143.1058,0,0,0,0,0,0,0,0,0,0,0,0,0,0,0,0,0,0,0,0,0,0,0,0,0,0,0,0,0,0,19424.4795,0,0,0,0,0,0,0
JUN P3,0,0,0,0,0,0,0,0,0,0,4885.92,41469.12,0,0,0,774.48,80.448,0,0,20.112,0,0,0,0,0,0,0,0,0,0,0,0,0,0,0,0,2426.016,0,0,0,0,0,0,0,0,0,0,0,0,0,0,0,0,4557.792,0,0,0,0,0,8095.776,0,0,0,0,0,0,0,0,9051.36,0,0,0,28862.496,0,0,0,0,0,0,0,0,0,31964.736,11528.784,0,0,0,0,0,0,0,0,0,0,0,0,0,0,0,39270,0,0,0,903.696,0,2316.24,0,0,0,0,62.832,427.536,0,0,0,0,0,0,0,0,0,0,0,0,0,0,10669.056,0,0,0,0,0,0,0,0,4021.248,0,0,0,0,0,0,38687.76,18924.672,0,12567.648,0,0,0,0
JUL P3,0,0,0,0,0,0,0,0,0,0,4885.92,41469.12,0,0,0,774.48,80.448,0,0,20.112,0,0,0,0,0,0,0,0,0,0,0,0,0,0,0,0,2426.016,0,0,0,0,0,0,0,0,0,0,0,0,0,0,0,4043.232,0,0,0,0,0,0,8095.776,0,0,0,0,0,0,0,0,9051.36,0,0,0,0,0,0,0,0,0,0,0,0,8452.224,31964.736,11528.784,0,0,0,0,0,0,0,0,0,0,0,0,0,0,0,39270,0,0,0,903.696,0,2316.24,0,0,0,0,62.832,427.536,0,0,0,0,0,0,0,0,0,0,0,0,0,0,10669.056,0,0,0,0,0,0,0,0,4021.248,0,0,0,0,0,0,38687.76,37455.08,0,12567.648,0,0,0,0
AGO P3,0,0,0,0,0,0,0,0,6537.024,0,4343.04,0,0,0,0,3717.504,0,0,0,0,0,0,0,0,13577.376,0,0,0,0,0,0,0,2714.304,0,0,0,0,0,0,0,0,0,0,0,0,0,0,0,0,0,0,0,0,0,0,0,0,0,0,0,0,0,0,0,24906.384,0,0,0,0,0,0,0,28862.496,0,0,0,0,0,0,0,0,0,0,3842.928,0,0,0,0,0,0,0,0,0,0,0,0,0,897.984,0,0,0,0,0,0,0,0,0,0,0,0,0,0,74.352,0,0,0,5229.648,0,0,0,0,0,174.48,0,0,0,0,7129.248,0,0,0,0,3711.312,0,0,0,0,0,0,0,0,0,0,0,0,0,0,0,0,0
SET P3,0,0,0,0,0,0,0,0,32685.12,10137.792,1628.64,0,0,0,0,3872.4,0,0,0,0,0,0,0,0,0,0,0,38830.08,0,0,2548.56,0,0,0,0,0,2426.016,0,0,0,0,3649.44,0,9975.216,82482.048,0,0,6628.416,0,0,65868.048,0,0,0,0,7596.48,0,0,0,0,0,0,24456.384,0,0,4961.808,4086,0,18102.72,1224.96,624.96,0,28862.496,0,0,0,0,0,0,91419.504,0,25356.672,0,0,0,0,0,0,951.984,0,0,0,0,0,407.136,0,1256.64,0,0,0,0,0,11967.984,1807.392,0,4632.48,0,0,0,538.8,0,0,74.352,0,0,0,3486.432,0,0,0,0,0,0,0,314.352,0,6334.752,4073.856,0,0,0,0,7422.624,3694.512,10423.104,4021.248,0,0,0,6297.696,0,0,38687.76,0,0,0,0,0,149.088,0
OUT P3,0,0,0,0,0,0,0,0,0,0,13029.12,11309.76,0,0,0,0,0,0,0,0,0,0,0,0,13577.376,18849.6,2729.424,14561.28,0,0,0,0,0,0,0,0,0,0,0,17890.08,0,0,0,0,0,0,499.872,0,0,0,0,0,64691.712,0,0,1519.296,0,0,32536.512,0,4734.24,0,0,0,8302.128,1653.936,53118,0,0,1224.96,0,195690.384,0,0,0,0,0,0,0,0,0,0,0,0,0,0,0,0,0,0,0,0,0,0,0,0,0,0,0,0,0,0,0,0,0,0,0,0,0,0,0,285.024,0,179.136,0,1628.64,0,0,0,0,0,0,0,257.856,0,0,0,0,0,0,0,0,0,40639.632,0,0,0,0,0,56679.264,0,0,38687.76,18924.672,0,0,0,0,0,0
NOV P3,0,0,0,0,0,0,0,0,0,0,0,15079.68,0,0,0,0,0,0,0,0,0,0,20.112,0,13577.376,0,0,0,0,0,0,0,0,0,0,0,0,0,0,0,0,0,66205.824,0,0,0,0,0,0,0,0,0,6064.848,2278.896,0,0,4763.664,691.68,40670.64,0,2367.12,0,0,9273.6,8302.128,0,53118,0,0,0,0,0,57724.992,50155.536,0,0,0,0,0,0,0,0,0,0,0,0,0,0,0,0,0,0,0,0,0,0,0,0,0,0,1062.96,0,0,0,0,0,0,0,0,0,0,0,74.352,0,452.352,0,0,0,0,0,0,0,0,0,0,0,0,0,0,0,0,0,0,0,0,0,0,0,0,0,0,0,38687.76,0,0,0,0,0,0,0
DEZ P3,0,0,0,0,0,30316.44,0,0,0,0,0,0,0,0,0,0,0,0,0,0,0,0,0,0,0,0,10974.559,0,0,0,0,0,0,0,0,1639.535,0,0,0,0,0,0,0,0,0,0,0,0,0,0,0,0,0,0,0,0,0,0,0,0,0,0,0,0,0,0,0,0,0,0,0,0,0,0,0,0,0,0,0,0,0,0,0,0,0,0,0,0,0,0,0,0,0,0,0,0,0,0,0,0,0,0,0,0,0,0,0,0,0,0,0,0,0,0,0,0,7009.181,0,0,0,0,0,0,0,0,0,0,0,0,0,0,0,0,0,0,0,0,0,0,0,0,0,0,0,0,0,0,0,0,0
JAN P3,1527.981,0,0,0,0,30316.44,24253.152,0,0,0,54570.75,30316.44,0,0,601.388,4359.677,0,0,0,0,0,0,0,6517,54592.366,0,0,214677.76,0,0,0,0,0,0,0,0,0,0,0,44266.48,0,0,0,0,0,0,0,0,0,0,264844.443,0,0,0,0,0,0,0,65411.946,0,0,0,0,0,0,6650.201,0,0,0,4925.36,0,0,0,0,0,0,0,0,0,0,0,0,0,0,0,0,0,0,3827.769,0,0,0,0,0,0,0,0,0,0,0,0,0,0,0,0,0,0,0,0,0,0,0,0,0,0,0,14018.362,0,0,0,0,0,0,0,0,0,0,36855.666,0,0,0,0,0,0,0,0,0,0,0,0,0,0,0,0,0,0,0,0,0,0
FEV P3,0,0,0,0,0,0,0,0,0,0,0,0,0,0,0,0,0,0,0,163.41,0,0,0,0,0,0,0,0,0,0,0,0,0,0,0,0,0,0,0,0,0,0,0,0,0,0,0,0,0,0,0,0,0,0,0,0,0,0,0,0,9517.795,0,0,0,0,0,0,0,0,0,0,0,0,0,0,0,0,0,0,0,0,0,0,0,0,0,0,0,0,0,0,0,0,0,0,0,0,0,0,0,0,0,0,0,0,0,0,0,0,0,0,0,0,0,0,0,0,0,0,0,0,0,701.555,0,0,0,0,0,0,0,0,0,0,0,0,0,0,0,0,0,0,0,0,0,178012.971,0,0,0,0,0
MAR P3,4583.943,0,0,0,0,0,0,0,0,0,2182.83,0,0,0,0,0,0,0,0,0,0,0,0,0,0,0,0,0,0,0,0,0,0,0,3560.657,0,0,0,0,0,3169.446,0,0,0,0,0,0,0,0,0,0,0,0,0,0,0,0,0,0,0,0,0,0,0,0,0,16429.125,0,0,0,0,0,0,0,0,0,0,0,0,0,0,0,0,0,0,0,0,0,0,0,0,0,0,0,0,0,0,0,0,0,0,0,0,0,0,0,0,0,0,0,0,0,0,0,0,0,0,0,0,0,0,0,0,0,0,0,0,0,0,0,0,0,0,0,0,0,0,0,0,0,0,0,0,0,0,0,0,0,0,0
ABR P3,0,0,0,0,590.03,0,0,0,0,0,1131,0,0,0,0,0,0,0,0,0,0,0,0,0,0,0,1137.26,0,0,0,0,0,0,0,0,849.5,0,0,0,0,0,0,0,0,0,0,0,0,0,0,0,0,0,0,0,0,0,0,0,0,0,0,0,0,6918.44,0,0,0,0,2041.6,0,0,48104.16,0,0,0,0,0,0,0,0,0,0,0,0,0,0,0,0,0,0,0,0,0,0,0,0,0,0,0,0,0,0,0,0,0,0,0,0,0,0,0,61.96,0,0,0,0,0,0,0,0,0,0,0,0,0,0,0,0,0,0,0,0,0,0,0,3174.24,0,0,0,0,0,0,0,0,0,0,0,0,0
MAI P4,0,0,0,0,0,0,0,0,0,0,9839.7,34164.9,0,0,0,0,0,0,0,0,0,0,0,0,0,28470.75,0,58649.6,3097.635,0,1539.755,0,0,0,0,0,0,0,0,0,0,0,0,0,0,0,0,0,0,0,0,0,18320.895,0,0,0,0,0,24571.845,0,0,0,0,0,0,0,0,0,0,3700.4,0,0,0,0,0,0,0,0,0,0,0,25532.76,0,0,0,0,0,0,0,0,0,0,0,0,0,0,0,0,0,0,0,0,0,0,0,0,0,0,0,0,0,430.505,449.21,0,0,0,0,0,0,0,0,0,0,0,0,0,0,0,0,0,0,0,0,0,0,0,0,0,0,0,0,0,0,0,0,0,0,0,450.37,0
JUN P4,0,0,0,0,0,67858.56,0,0,0,0,9771.84,16964.64,763.56,904.752,0,1858.752,0,0,0,0,610.848,0,0,0,0,35343,8188.272,0,0,45805.824,0,0,2035.728,0,0,0,3639.024,0,0,2064.24,0,0,49654.368,0,0,0,0,0,0,0,98802.072,0,9097.272,10255.032,0,0,0,0,0,0,0,0,0,0,12453.192,12404.52,0,0,13577.04,1837.44,0,0,0,0,0,0,0,0,18731.232,137129.256,0,0,0,5764.392,0,0,0,0,0,0,0,0,0,0,0,0,1413.72,0,0,0,0,0,0,0,0,0,0,0,0,0,0,0,111.528,0,339.264,0,0,0,0,0,0,0,0,0,0,0,3500.784,3055.392,0,0,0,16069.248,0,0,0,0,0,0,0,0,0,0,0,14193.504,0,0,0,0,0,0
JUL P4,0,0,0,0,0,67858.56,0,0,0,0,9771.84,16964.64,763.56,904.752,0,1858.752,0,0,0,0,610.848,0,0,0,0,35343,8188.272,0,0,45805.824,0,0,2035.728,0,0,0,3639.024,0,0,6307.4,0,0,49654.368,0,0,0,0,0,0,0,98802.072,0,9097.272,10255.032,0,0,0,0,0,0,0,0,0,0,12453.192,12404.52,0,0,13577.04,1837.44,0,0,0,0,0,0,0,0,18731.232,137129.256,0,28174.08,0,5764.392,0,0,0,0,0,0,0,0,0,0,0,0,1413.72,0,0,0,0,0,0,0,0,0,0,0,0,0,0,0,111.528,0,339.264,0,0,0,0,0,0,0,0,0,0,0,3500.784,3055.392,0,0,0,16069.248,0,0,0,0,0,0,0,0,0,0,0,14193.504,0,0,0,0,0,0
AGO P4,1931.748,0,0,0,0,53658.528,0,0,6645.9744,0,5519.28,7665.504,0,613.2208,0,472.4328,0,0,0,0,1242.0576,0,0,0,0,0,0,64150.528,0,0,2072.8288,0,0,0,0,0,0,11042.9032,0,0,0,0,0,0,0,0,0,0,0,0,0,0,0,0,0,0,0,0,0,0,0,0,0,0,0,0,0,0,0,0,0,0,58687.0752,0,0,0,0,0,0,0,0,17186.1888,0,0,0,0,0,0,0,0,0,0,0,0,0,574.9128,0,228.2376,0,0,0,0,0,0,0,0,0,0,0,0,0,0,0,0,0,0,3544.5392,0,0,0,0,0,0,0,0,0,0,4141.7536,0,0,0,0,0,0,0,0,0,0,0,0,0,3977.0536,0,0,0,0,0,0,0,0
SET P4,0,0,0,0,0,301593.6,0,0,6537.024,0,5971.68,30159.36,0,0,0,2168.544,0,0,0,0,0,0,0,0,0,0,0,67952.64,0,0,6116.544,0,0,0,0,0,0,0,0,0,1576.512,1824.72,0,0,0,0,0,0,0,0,65868.048,0,0,0,0,0,0,0,0,0,0,0,0,0,16604.256,4961.808,0,0,0,0,0,391380.768,28862.496,0,0,0,0,0,0,91419.504,0,0,0,0,0,4234.368,0,0,3807.936,2144.976,0,0,0,0,0,0,314.16,1122.48,0,0,0,0,0,0,0,2316.24,0,0,0,0,0,0,148.704,0,0,0,6972.864,0,0,0,0,0,0,0,0,0,1667.04,0,0,0,0,0,0,0,0,0,0,0,0,25190.784,0,0,0,0,619817.184,0,0,0,149.088,0
OUT P4,0,0,0,0,0,0,0,0,0,0,50205.09,0,0,0,0,0,0,0,0,0,0,9604.452,0,0,0,0,0,0,0,0,0,112959.233,5456.882,0,0,0,0,0,0,27666.55,0,0,0,0,0,0,0,0,0,0,0,0,0,0,24829.064,12217.672,0,0,0,0,19035.59,0,0,0,0,0,49287.375,0,0,4925.36,0,0,0,0,0,0,0,0,0,0,0,0,32131.219,540812.055,0,0,0,0,0,0,0,24592.832,0,0,0,0,0,0,0,0,0,0,0,0,0,0,0,0,0,0,0,1719.051,0,0,0,0,0,0,0,0,0,0,0,0,1263.957,0,0,0,0,0,0,0,0,0,0,0,0,0,0,25321.986,0,0,311114.07,0,0,0,0,0,0,0
NOV P4,380.016,0,0,0,0,0,0,0,0,4344.768,3800.16,22619.52,0,0,0,0,0,0,0,0,0,0,0,1646.4,0,0,2729.424,29122.56,0,0,0,0,0,0,0,0,0,10861.872,0,0,0,0,0,0,0,0,0,0,0,0,0,0,0,0,0,0,0,0,0,0,0,0,0,0,0,0,0,0,0,0,0,0,0,0,0,0,0,0,0,0,0,0,0,0,0,0,0,0,0,0,0,0,0,0,0,0,0,0,0,0,0,0,0,0,0,0,0,0,0,0,0,0,0,0,0,0,0,0,0,0,0,0,0,0,0,0,0,0,0,0,0,0,0,0,0,0,0,0,0,0,0,0,0,0,0,0,0,0,0,0
DEZ P4,0,0,0,0,0,0,0,0,0,0,0,0,0,0,0,0,0,0,0,0,0,0,0,0,0,0,0,0,4123.059,0,0,0,0,0,0,0,0,0,0,0,0,0,0,0,0,0,0,0,0,0,0,0,0,0,0,0,0,0,0,0,0,0,0,0,33381.473,0,0,0,0,0,0,0,0,0,0,361799.151,0,0,0,0,0,0,32131.219,0,0,0,0,0,0,0,0,12296.416,9510.461,0,0,0,1263.185,0,0,0,0,0,0,0,0,0,0,0,0,0,0,0,0,0,0,0,0,0,0,0,0,0,0,0,0,0,0,0,0,0,0,0,0,0,0,0,0,0,0,0,0,0,0,0,178012.971,0,0,0,0,0
JAN P4,3055.962,0,0,0,1626.797,60632.88,0,0,0,0,0,15158.22,0,0,0,0,0,0,0,0,0,0,0,0,0,18947.775,21949.118,0,0,0,0,0,0,0,0,0,0,0,0,0,0,0,133101.292,0,0,0,0,0,0,0,264844.443,0,0,0,0,0,0,0,98117.919,0,0,0,0,0,0,0,0,0,0,0,0,0,0,0,0,0,0,0,0,0,0,0,0,0,0,0,0,0,0,0,0,0,0,0,0,0,0,0,1681.223,0,0,0,0,0,0,0,0,0,0,0,0,0,0,0,0,0,0,0,0,0,0,0,0,0,0,0,0,0,0,0,0,0,0,0,0,48506.304,0,7276.1,0,0,0,0,0,0,0,0,0,0,1198.916,1504.435
FEV P4,1147.965,0,0,0,0,0,0,0,0,0,0,0,0,0,0,0,0,0,0,0,0,248.82,0,0,0,0,0,0,0,0,0,0,0,0,0,0,0,0,0,0,0,0,0,0,0,0,0,0,0,0,0,0,6106.965,0,0,0,0,0,0,0,7150.675,0,0,0,25079.345,0,0,0,0,0,0,0,0,0,0,0,0,0,0,0,0,0,0,0,0,0,0,0,0,0,888.27,0,0,0,0,0,0,0,0,0,0,0,0,0,0,0,0,0,0,0,0,0,0,0,0,0,0,0,0,0,0,0,527.075,0,0,0,0,0,0,0,0,0,0,0,0,0,0,0,0,0,0,0,0,0,0,0,0,0,0,0
MAR P4,1147.965,0,0,0,0,68329.8,0,0,0,0,1639.95,11388.3,0,0,0,0,0,0,0,0,0,0,0,0,0,0,0,0,0,0,0,0,0,0,0,2463.55,0,0,0,0,0,0,0,0,0,0,0,0,0,0,0,0,0,0,0,0,0,0,0,0,0,0,0,0,8648.05,0,0,0,0,1276,0,0,0,0,0,0,0,0,0,0,0,0,0,0,0,0,0,0,0,0,0,0,0,0,0,0,0,0,0,0,0,0,0,0,0,0,0,0,0,0,0,148.45,0,0,0,0,0,0,0,0,0,0,181.75,0,0,0,0,0,0,0,0,0,0,11160.505,0,0,0,0,0,0,159967.77,0,0,0,0,0,0,0,0,0
ABR P4,0,0,0,0,0,0,0,0,0,0,0,0,0,0,0,0,0,0,0,0,0,205.92,16.76,0,0,0,0,0,0,0,0,0,0,0,0,0,0,0,0,1146.8,0,0,0,0,0,0,416.56,0,0,0,0,0,0,0,0,0,0,0,0,0,0,0,0,0,0,0,3405,0,0,0,520.8,0,0,0,0,0,0,0,0,0,0,0,6659.32,0,0,0,0,0,0,0,0,0,0,0,0,0,0,0,0,0,0,0,0,753.08,0,0,0,0,0,0,0,0,0,0,0,150.8,0,0,0,0,0,0,0,0,0,0,0,0,0,0,0,0,0,0,0,0,0,0,0,0,0,0,0,0,0,0,0,0,124.24,0
MAI P5,0,0,0,0,0,0,0,0,5447.52,0,0,0,0,0,0,0,0,0,0,0,0,0,0,0,0,0,0,0,0,1413.76,0,0,0,0,0,0,4043.36,0,0,0,0,0,0,0,0,0,416.56,0,0,0,0,0,0,0,0,0,0,0,0,0,3945.2,0,0,0,0,1378.28,0,0,0,0,0,54358.44,0,0,0,0,0,0,0,0,0,0,0,3202.44,0,0,0,0,0,0,0,0,0,0,0,0,261.8,0,0,0,0,0,0,0,0,0,0,0,0,0,0,0,0,0,0,0,0,0,0,0,0,0,0,0,0,0,277.84,0,0,0,0,4463.68,0,0,0,0,0,0,0,0,0,0,0,0,0,0,0,0,0,0
JUN P5,0,0,1114.382,0,3253.594,0,0,0,0,0,0,15158.22,0,0,0,0,0,433.285,0,0,0,0,0,0,0,0,10974.559,0,0,0,0,0,0,0,0,0,0,43673.777,0,0,0,0,0,0,0,0,0,0,0,0,0,0,0,0,0,0,0,0,0,0,0,0,0,0,0,0,0,0,0,0,0,0,0,0,0,0,0,0,0,0,0,0,0,0,0,0,0,0,0,0,0,0,0,0,0,0,0,0,0,0,0,0,0,0,0,0,0,0,0,0,0,0,0,0,0,0,0,0,0,0,0,0,0,0,0,0,0,0,0,0,0,0,0,0,0,0,0,0,0,0,0,0,0,0,0,0,0,0,0,0
JUL P5,0,0,0,0,0,18221.28,0,0,0,0,5083.845,10249.47,0,0,0,32.27,0,0,0,0,0,0,0,0,42429.3,0,0,0,0,4064.56,769.8775,0,0,0,0,0,0,0,0,0,0,0,0,0,0,0,104.14,60.04,94.95,0,0,0,0,0,0,0,0,0,0,0,0,0,0,0,0,0,7661.25,0,0,0,0,19704.9345,8718.879,0,0,0,0,0,0,0,0,0,0,0,1479,0,0,3308.1,0,0,0,0,0,0,0,0,0,0,0,8181.25,0,0,0,0,0,0,154.8745,0,0,0,0,0,0,0,0,0,0,0,0,5729.36,0,0,0,0,0,0,0,0,0,0,0,0,0,0,0,0,0,0,0,0,0,0,0,5913.96,0,2618.26,0,0,0,779.5
AGO P5,0,0,0,0,0,0,0,0,0,0,3771.885,0,0,0,0,1965.243,0,0,0,0,0,0,0,0,0,0,0,17594.88,0,0,0,0,0,0,0,0,1465.718,0,0,2494.29,952.476,0,9999.838,0,0,2683.37,453.009,0,0,956.13,19897.6395,0,610.6965,0,0,0,2878.047,417.89,0,0,0,0,0,0,17555.5415,2997.759,0,0,2734.265,740.08,0,0,0,0,0,0,0,18630.3975,0,110465.234,0,5106.552,2414.0035,0,0,0,0,0,0,0,0,0,0,0,0,0,0,0,0,0,0,0,0,545.983,0,0,0,0,0,0,0,0,0,0,204.972,0,0,0,0,0,592.1945,0,0,0,0,0,0,2768.949,0,0,0,3236.168,0,2309.07,0,837.76,0,0,0,0,0,0,46747.71,22867.312,0,0,0,0,93.18,0
SET P5,0,0,0,0,0,7539.84,0,0,0,0,1628.64,0,0,0,0,1084.272,0,0,0,0,0,0,0,0,0,0,0,0,0,0,0,0,0,0,0,0,0,0,0,0,4729.536,364.944,33102.912,0,0,0,0,0,0,0,0,0,2021.616,0,0,0,0,0,0,0,0,661.632,0,0,0,1653.936,20430,13011.84,0,0,0,0,0,0,0,0,0,0,0,0,0,8452.224,0,0,0,4234.368,0,0,0,0,0,0,0,0,0,0,0,0,0,0,0,0,0,0,0,0,0,314.16,0,0,0,0,0,0,0,0,1743.216,0,0,6875.232,0,0,0,0,0,0,0,0,0,227.52,0,5356.416,0,0,0,0,0,0,0,12595.392,0,0,0,18924.672,0,12567.648,0,0,0,0
OUT P5,0,0,0,0,0,1570.8,0,0,0,0,2148.9,3141.6,0,0,0,0,0,0,0,0,0,0,0,0,0,0,0,0,0,0,0,0,0,0,0,0,0,0,0,0,0,0,0,0,0,0,0,0,0,0,0,0,0,0,74487.192,0,0,0,0,0,0,0,98335.044,0,0,0,0,0,181970.05,0,0,786838.419,0,0,0,0,0,0,0,0,0,33984.984,0,0,0,0,0,0,0,0,0,0,0,0,0,0,0,0,0,315796.25,0,0,0,0,0,0,0,0,0,0,0,0,0,0,909.416,0,0,0,159998.58,0,0,0,0,0,0,0,0,8275.02,0,0,0,0,0,44642.02,0,0,0,0,0,0,0,0,0,0,0,49746.94,20420.4,0,0,0
NOV P5,0,0,0,0,0,0,0,0,6537.024,0,3257.28,18849.6,0,0,0,0,0,0,0,0,0,0,0,0,27154.752,0,0,116490.24,0,0,0,0,0,0,0,0,0,0,0,0,3153.024,0,0,0,0,0,2999.232,0,0,3165.12,131736.096,0,2021.616,0,0,0,19054.656,0,81341.28,0,9468.48,0,0,0,0,0,40860,0,0,7349.76,0,717531.408,0,0,0,0,0,0,0,182839.008,0,0,0,3842.928,0,0,0,0,0,0,0,0,0,0,0,0,0,0,0,0,0,0,0,0,0,0,0,0,0,0,0,0,0,0,0,0,0,0,0,0,0,0,0,0,0,0,0,0,0,0,0,0,0,0,0,0,0,0,0,37786.176,0,0,38687.76,0,0,0,0,0,0,0
DEZ P5,0,0,0,0,0,0,0,0,26284.284,0,0,0,0,0,0,0,0,0,0,0,0,0,0,0,0,0,0,0,0,0,0,0,0,0,0,4927.1,0,0,0,0,0,0,0,0,0,0,0,0,0,0,0,0,0,0,0,0,0,0,0,0,0,0,0,0,0,0,0,0,0,0,0,0,0,0,0,0,0,0,0,0,0,0,0,0,0,0,0,0,0,0,0,0,0,0,0,0,1263.185,0,0,0,0,3211.134,0,0,0,0,0,0,0,0,0,0,0,0,0,0,0,0,0,0,0,0,0,0,0,0,0,0,0,0,0,0,0,0,0,0,0,0,0,0,0,0,0,0,0,0,0,0,0,0
JAN P5,19863.753,0,2228.764,0,0,60632.88,0,0,0,0,13096.98,0,0,0,0,1245.622,0,0,0,0,0,0,0,0,0,0,0,0,0,0,0,0,0,0,0,0,0,0,0,11066.62,0,0,0,0,0,0,0,0,0,0,0,0,0,0,0,0,0,0,0,0,0,0,0,0,0,0,0,0,0,0,0,0,0,0,0,0,0,0,0,0,0,0,0,0,0,0,0,0,0,0,0,0,0,0,0,0,2526.37,902.661,0,0,0,0,0,0,0,0,4122.866,0,0,0,0,573.017,0,0,0,0,7009.181,0,0,0,0,0,2104.665,0,0,0,0,8190.148,0,0,0,0,0,29710.034,0,0,0,0,0,0,0,0,0,0,0,0,0,0,0,0
FEV P5,0,0,0,0,0,6283.2,0,0,0,0,0,0,0,0,0,0,0,0,0,0,0,68.64,0,0,0,0,0,0,0,0,0,0,1130.96,0,0,0,0,0,0,1146.8,0,0,0,0,0,0,0,0,0,0,0,0,0,0,0,0,0,0,0,0,0,0,0,0,6918.44,0,0,0,0,2041.6,0,54358.44,0,0,0,0,0,0,0,0,0,7043.52,0,0,0,0,0,0,0,0,0,7645.44,0,0,0,0,0,0,0,0,0,0,0,0,0,0,0,0,0,0,0,118.76,0,0,0,0,0,0,0,0,0,0,0,0,0,0,0,0,0,0,0,0,0,0,0,0,0,0,0,0,0,0,0,0,0,0,0,0,124.24,0
MAR P5,316.68,0,0,0,0,6283.2,0,0,5447.52,0,0,6283.2,0,0,0,0,0,0,0,0,0,0,0,0,0,0,0,0,0,0,0,0,0,0,0,679.6,0,0,0,2293.6,0,0,0,0,0,0,0,0,0,0,0,0,0,0,0,0,3969.72,0,0,0,0,0,0,0,6918.44,0,0,0,0,0,0,0,0,0,0,0,0,0,0,0,0,0,0,0,0,0,0,0,0,0,0,0,0,0,0,0,0,0,0,0,0,0,0,0,0,0,0,0,0,0,0,118.76,0,0,0,0,0,0,0,0,0,0,0,0,0,0,277.84,0,0,0,0,0,0,0,0,0,0,0,0,0,22064.52,0,0,0,0,0,0,0,0,0
ABR P5,1147.965,0,0,0,0,68329.8,0,0,0,0,26239.2,0,0,0,0,0,0,0,0,0,0,0,0,0,0,0,8245.135,58649.6,0,15374.64,0,0,0,0,0,0,0,0,0,0,0,0,0,0,0,0,0,0,0,0,198976.395,0,0,0,0,0,0,0,0,0,0,0,0,0,0,0,12343.125,0,0,0,0,0,87188.79,0,0,0,0,0,0,0,0,0,0,0,21445.5,0,0,0,0,0,0,0,0,0,0,0,4745.125,1356.33,0,0,0,0,0,0,0,0,0,0,0,0,0,0,0,0,0,0,10531.93,0,0,0,0,0,0,0,0,0,0,6153.22,0,0,0,0,0,0,0,0,0,0,0,0,0,0,0,0,0,0,0,0,0,0
MAI P6,760.032,0,0,0,0,0,0,0,0,0,0,3769.92,0,0,0,0,0,0,0,0,0,0,0,0,108619.008,0,0,0,1025.424,0,0,0,1357.152,0,0,0,0,0,9283.056,0,0,0,0,0,0,0,0,0,0,0,65868.048,0,0,0,0,0,0,0,0,0,0,0,0,0,0,0,0,0,0,0,0,0,0,0,0,0,0,0,0,0,0,0,0,0,0,0,0,0,0,0,294.048,0,0,0,0,0,0,0,0,0,0,0,0,0,0,0,0,0,0,0,0,0,0,0,0,0,0,0,0,0,0,0,0,0,314.352,0,0,0,0,0,0,0,0,0,0,0,0,0,0,0,0,0,0,0,0,0,0,0,0,0
JUN P6,0,0,0,0,0,0,0,0,0,0,0,75791.1,0,0,0,0,0,0,0,80.867,0,0,0,0,0,0,10974.559,0,0,0,0,0,0,0,0,1639.535,0,0,0,0,0,0,0,0,0,0,0,0,0,0,0,0,0,0,0,0,0,0,0,0,0,0,0,0,0,0,0,0,0,0,0,0,0,0,0,0,0,0,0,0,0,0,0,0,0,0,0,0,0,0,0,0,0,0,0,0,0,0,0,0,0,0,0,0,6132.189,0,0,0,0,0,0,0,0,0,0,727.61,0,0,0,0,0,0,0,0,0,0,0,0,0,0,0,0,0,0,0,16168.768,0,0,0,0,0,0,0,0,0,0,0,0,0,0
JUL P6,0,0,0,0,0,0,0,0,0,0,4913.064,0,383.901,0,0,1168.174,0,0,0,0,0,0,0,0,61437.6264,1776.9675,0,0,0,0,0,0,0,0,0,0,914.8102,0,0,1146.8,0,0,0,0,0,0,0,0,0,0,0,0,0,0,0,0,0,260.821,0,0,0,0,0,0,6261.1882,0,0,0,3413.117,0,0,0,0,0,0,0,0,0,0,0,0,0,3013.3423,0,0,0,0,0,0,0,0,0,0,45.4853,0,213.2361,0,0,0,0,400.8245,0,0,0,0,0,0,0,0,0,0,0,0,0,0,0,0,0,0,0,739.2221,0,0,0,0,0,754.3356,4224.5038,0,0,407.5396,0,0,0,0,0,0,0,0,0,0,0,14588.5095,0,0,0,0,0,0,0
AGO P6,0,0,0,0,0,45239.04,0,0,0,0,15743.52,3769.92,0,0,0,1548.96,0,0,0,0,0,0,0,0,230815.392,0,0,0,0,0,10194.24,0,0,0,0,0,0,0,0,0,1576.512,0,0,0,0,0,0,0,0,0,0,0,2021.616,0,0,7596.48,0,0,0,0,0,0,0,0,33208.512,4961.808,0,0,0,0,0,0,0,0,0,0,0,0,0,0,0,0,0,0,0,0,24529.008,0,0,0,0,0,0,0,0,0,628.32,897.984,0,0,0,0,0,0,0,0,0,0,0,2694,0,0,2230.56,0,0,0,0,0,0,0,0,0,0,0,0,0,3667.488,0,0,0,0,0,0,0,0,0,0,0,0,0,0,0,0,0,0,0,0,0,0,0
SET P6,0,0,0,0,0,0,0,0,0,0,0,0,0,0,0,1084.272,0,0,0,0,0,0,0,0,0,0,262024.704,339763.2,0,0,0,0,1357.152,0,0,0,0,0,0,2752.32,3941.28,729.888,0,0,0,0,0,576.384,0,0,0,0,0,0,0,0,0,0,0,0,0,0,0,0,8302.128,1653.936,8172,0,0,0,0,65230.128,57724.992,0,0,0,0,0,0,0,0,16904.448,31964.736,7685.856,0,0,0,0,0,0,882.144,0,0,0,0,0,628.32,897.984,0,0,0,0,0,0,0,2316.24,0,0,0,0,0,427.536,148.704,0,0,361.92,6972.864,0,0,0,0,0,0,0,314.352,0,666.816,0,0,682.56,0,0,0,3694.512,0,0,0,0,0,6297.696,0,0,38687.76,28387.008,0,0,0,0,0,0
OUT P6,380.016,0,0,0,0,0,0,0,0,0,0,0,0,0,0,0,0,0,0,0,0,0,0,0,0,0,0,0,0,0,0,1221.456,0,0,0,0,0,0,0,53670.24,788.256,0,33102.912,0,0,0,0,0,0,9495.36,0,0,18194.544,0,0,0,0,0,40670.64,0,23671.2,0,0,0,8302.128,0,8172,9758.88,0,0,0,195690.384,115449.984,50155.536,0,0,0,0,0,0,0,0,0,7685.856,0,0,0,0,0,0,294.048,55047.168,0,0,0,0,942.48,0,0,0,0,0,0,0,1525.104,0,2050.752,314.16,0,0,0,0,74.352,0,226.176,180.96,0,0,0,0,0,0,0,0,0,0,0,0,0,0,0,0,0,0,0,0,0,0,0,18893.088,0,3911.856,38687.76,0,0,0,0,0,0,0
NOV P6,0,0,0,0,0,0,0,0,0,0,0,13901.58,0,0,0,0,0,0,0,0,0,0,0,0,0,0,0,0,0,0,0,0,0,0,0,0,0,40053.153,0,0,0,0,122066.988,0,0,0,0,0,0,0,0,0,22364.127,0,0,0,35132.022,0,29994.597,0,104745.06,0,0,0,0,0,0,0,0,0,0,0,106430.454,0,0,0,0,0,0,337109.421,0,62335.152,0,14170.797,0,15614.232,0,0,0,0,9758.718,0,0,0,0,0,0,0,0,0,0,0,0,0,0,0,0,0,0,0,0,1051.026,0,0,0,0,0,0,0,0,0,0,0,0,0,0,0,0,0,0,0,0,0,0,0,0,0,0,0,116113.77,0,0,0,0,0,0,0,0,0,0
DEZ P6,0,0,0,0,0,0,0,0,0,0,0,11388.3,0,0,0,0,0,0,0,0,0,0,0,0,0,0,0,0,0,0,0,0,0,0,0,1274.25,0,0,0,0,0,0,0,0,0,0,0,0,0,0,0,0,6106.965,0,0,0,0,0,0,0,0,0,0,0,0,0,0,0,0,0,0,0,0,0,0,0,0,0,0,0,0,0,0,0,0,0,0,0,0,0,0,0,0,0,0,0,0,0,0,0,0,0,0,0,0,0,0,0,0,0,0,0,0,0,0,0,5265.965,0,0,0,0,0,0,0,0,0,0,0,0,0,0,0,0,0,0,0,0,0,0,0,0,0,0,0,0,0,0,0,0,0
JAN P6,0,0,0,0,0,0,0,0,0,0,2182.83,0,0,0,0,0,0,0,0,0,0,0,0,0,0,0,0,0,0,0,0,0,0,0,0,0,0,0,0,0,0,0,0,0,0,0,0,0,0,0,0,0,0,0,0,0,0,0,0,0,9517.795,0,0,0,0,0,0,0,0,0,0,0,0,0,0,0,0,0,0,0,0,0,0,15451.773,0,0,0,0,0,0,1182.318,0,0,0,0,0,1263.185,0,0,0,0,0,0,0,0,0,0,0,0,0,0,0,0,0,0,0,0,0,44753.226,0,0,0,0,0,0,0,0,0,0,0,0,0,0,0,0,0,0,0,0,0,0,0,0,0,0,0,0,0,0,0
FEV P6,0,0,0,0,0,0,0,0,0,0,904.8,15708,0,0,0,0,0,0,0,0,0,0,0,0,33943.44,0,0,0,0,0,0,0,0,0,0,0,0,0,0,5734,0,0,0,0,0,0,416.56,0,0,0,0,0,0,0,0,0,0,0,0,0,0,0,0,0,6918.44,0,0,0,0,0,0,0,0,0,0,0,0,0,0,0,0,7043.52,0,0,0,0,0,0,0,0,0,0,0,0,0,0,261.8,0,0,0,0,0,0,0,0,1930.2,0,0,0,0,0,0,0,0,0,0,1452.68,0,0,0,0,0,0,0,0,0,0,0,0,0,0,0,0,0,0,0,0,0,0,0,0,0,0,0,0,0,0,0,0,0
MAR P6,316.68,0,0,0,0,0,0,0,0,0,0,106814.4,0,0,0,0,0,0,0,33.52,56.56,68.64,0,0,0,0,0,0,0,0,0,0,0,0,0,0,0,0,0,0,0,0,0,0,0,0,0,0,0,0,54890.04,0,0,0,0,0,3969.72,0,0,0,0,0,0,0,0,0,0,0,0,0,0,0,0,0,0,0,0,0,0,0,0,0,0,0,0,0,0,0,0,0,0,0,0,0,0,0,0,0,0,0,0,0,0,0,1270.92,0,0,0,0,0,0,118.76,0,0,0,0,0,0,0,0,0,0,0,0,0,0,0,0,0,0,0,0,0,0,0,0,0,0,0,0,0,16299.4,0,0,0,0,0,0,0,0
ABR P6,316.68,0,0,0,0,0,0,0,0,0,0,3141.6,0,0,0,0,0,0,0,0,0,68.64,0,0,0,0,0,0,0,0,0,0,0,0,0,0,0,0,0,0,0,0,0,0,0,0,0,0,126.6,0,0,1323.24,0,0,0,0,3969.72,0,0,0,0,0,0,0,0,0,0,0,0,0,0,0,0,0,0,0,0,0,0,0,0,0,0,0,0,0,0,0,0,0,0,0,0,0,0,0,0,0,0,0,885.8,0,0,0,1270.92,0,0,0,0,0,0,118.76,0,0,0,0,0,0,0,0,0,0,0,0,0,0,555.68,0,0,0,900.64,0,0,0,0,0,0,0,0,0,0,16299.4,0,0,0,0,0,0,0,0
MAI P7,0,0,0,0,0,0,0,0,0,0,0,3769.92,0,0,0,0,0,0,0,0,0,82.368,0,0,203660.64,0,0,0,0,0,0,0,0,0,0,0,0,0,0,0,0,0,0,0,0,0,0,0,0,0,0,0,2021.616,0,0,0,0,0,0,0,0,0,0,0,0,0,0,0,0,0,0,0,0,0,0,0,0,0,0,0,0,0,0,0,0,0,0,0,0,0,588.096,0,0,0,0,0,0,0,0,0,0,0,0,0,0,0,0,0,0,0,0,0,0,0,0,0,0,0,0,0,0,0,0,0,0,0,0,0,0,0,0,0,0,0,0,0,0,0,0,6297.696,0,7823.712,0,0,0,0,0,0,0,0
JUN P7,380.016,0,0,0,0,0,0,0,0,0,4343.04,0,0,0,0,0,0,0,0,0,0,0,0,0,0,0,0,106782.72,0,9330.816,0,0,0,0,0,0,0,0,0,0,0,0,0,0,0,0,0,0,0,0,0,0,0,0,0,0,0,0,0,0,0,0,0,0,0,0,0,0,0,0,0,0,0,0,0,0,0,0,0,0,0,0,0,0,0,0,0,0,951.984,0,0,0,0,0,0,0,0,224.496,0,0,0,0,0,0,0,0,0,0,0,0,0,0,0,0,0,0,1743.216,0,0,0,0,0,0,0,0,0,1667.04,4073.856,0,0,0,0,3711.312,0,0,0,0,0,0,0,0,0,77375.52,0,0,0,0,0,0,0
JUL P7,0,0,0,0,0,0,0,0,0,0,7521.15,20891.64,0,0,0,2145.955,0,0,0,0,0,0,0,0,0,0,0,67244.8,0,0,7061.635,0,0,0,0,0,6722.086,0,0,0,0,0,91722.652,0,0,0,0,798.532,0,0,0,0,5475.21,0,0,0,0,0,0,0,0,0,0,0,0,0,0,0,0,0,0,0,0,0,0,0,0,0,0,0,0,0,0,21616.47,0,11468.08,67965.793,14335.1,0,0,0,0,0,0,0,0,0,2432.04,0,0,0,0,0,0,0,0,0,0,0,0,0,0,0,0,0,490.1,0,0,0,0,0,26741.512,0,0,0,0,1847.636,8465.982,0,0,2994.628,0,10283.427,0,0,0,0,0,0,0,0,0,0,0,0,0,0,0,0,0
AGO P7,0,0,0,0,0,7665.504,0,0,0,0,11590.488,3832.752,0,0,0,629.9104,20.4472,0,0,0,0,0,0,0,82821.9936,0,0,0,0,0,518.2072,0,0,0,0,0,0,0,0,1399.096,0,0,0,0,0,0,1524.6096,0,0,0,0,0,4110.6192,4633.7552,0,1544.6176,0,0,0,0,0,0,24863.9904,0,0,1681.5016,0,0,0,0,0,331586.484,0,0,0,0,0,0,0,0,0,17186.1888,0,0,0,0,0,0,0,0,0,0,0,0,0,0,0,0,0,0,0,0,0,0,0,0,0,0,0,0,0,0,0,0,0,0,0,0,0,0,0,0,177.388,0,0,0,4406.5424,1035.4384,0,0,0,0,0,0,0,0,0,0,0,0,0,0,0,0,0,0,0,0,0,0
SET P7,772.6992,0,0,0,0,0,0,0,0,20613.5104,1655.784,0,0,0,2280.912,0,0,0,0,0,3036.1408,0,0,0,0,0,8324.7432,0,0,16385.4784,0,0,0,0,0,0,0,0,0,0,15226.4784,0,0,0,27952.2496,0,0,0,0,0,0,0,0,6950.6328,0,0,0,0,8269.6968,57614.9392,0,0,49727.9808,0,25321.4904,0,0,0,0,9963.008,0,0,0,0,0,0,0,0,0,650602.1368,0,17186.1888,0,11720.9304,0,0,0,37668.232,0,2180.7256,0,0,0,858.4408,0,0,0,0,0,39924.5,0,0,0,0,0,0,521.2328,0,0,0,0,144.8872,0,0,0,0,8861.348,0,0,0,1993.0408,0,0,0,319.5912,0,0,0,0,0,0,0,0,3756.0872,0,0,0,0,0,0,0,0,0,0,0,0,0,0,0,0
OUT P7,0,0,0,0,0,0,0,0,0,874.988,655.98,0,0,0,0,561.498,0,0,0,0,0,0,0,1989.4,0,0,0,17594.88,0,0,0,0,0,0,0,0,0,0,0,0,952.476,220.487,0,0,0,0,0,0,0,0,0,0,0,0,0,0,0,0,0,0,0,0,0,0,0,999.253,0,0,0,0,0,0,17437.758,0,0,0,0,0,0,0,0,10213.104,0,0,0,0,0,0,0,0,0,0,0,0,0,0,379.61,271.266,0,0,0,0,0,0,921.417,0,0,0,0,0,0,0,0,54.114,0,0,0,0,0,0,0,0,0,0,189.921,0,0,0,0,137.46,0,0,0,0,0,0,0,0,0,11414.574,0,0,0,0,0,0,0,0,0,0
NOV P7,0,0,0,0,0,0,0,0,0,0,0,0,0,0,0,0,0,0,0,83.8,0,0,0,0,0,0,0,0,0,0,0,0,0,0,0,0,0,0,0,0,0,0,0,0,0,0,7362.698,0,0,0,970181.457,0,0,0,0,0,0,0,119808.927,0,0,0,0,0,0,0,60183.375,0,0,0,0,0,0,0,0,0,0,0,0,0,0,0,117703.481,0,0,0,0,0,0,0,0,45044.384,0,0,0,0,0,0,0,0,0,0,0,0,1270.92,0,0,0,0,0,0,0,0,0,0,0,0,0,0,0,0,0,0,0,0,0,277.84,0,0,0,0,0,0,0,0,0,0,0,0,0,0,0,0,0,0,0,0,0,0,0
DEZ P7,0,0,0,0,0,0,0,0,0,0,0,7539.84,0,0,0,0,0,0,0,0,0,0,0,0,0,0,0,0,0,0,0,0,0,0,0,815.52,0,0,9283.056,0,0,0,0,0,0,0,0,0,0,0,0,0,0,0,0,0,0,0,0,8095.776,0,0,0,0,0,0,0,0,0,0,0,0,0,0,0,0,0,0,0,0,66459.936,0,0,0,0,0,0,0,0,0,0,0,0,0,0,0,0,0,0,0,0,0,0,0,0,0,0,0,0,0,0,0,0,0,0,0,0,0,0,0,0,0,0,0,0,0,0,0,0,0,0,0,0,0,0,0,0,0,0,0,0,0,0,0,0,0,0,0,0,0
JAN P7,380.016,1017.888,0,0,0,0,0,0,0,0,1085.76,0,0,0,0,0,0,0,0,0,0,0,0,0,0,0,0,14561.28,0,0,509.712,0,0,0,0,0,0,0,0,0,0,0,0,0,0,0,0,0,0,0,0,0,0,0,0,0,0,0,0,0,4734.24,0,0,4636.8,8302.128,0,4086,0,0,0,0,0,0,0,0,0,0,0,0,0,0,0,0,0,14198.4,0,0,0,0,0,0,0,0,0,0,0,314.16,0,0,0,0,0,0,0,0,0,0,314.16,4021.248,0,0,0,0,0,0,0,0,0,0,0,0,0,0,0,0,0,0,4073.856,0,0,0,0,0,0,0,0,0,0,0,6297.696,0,0,0,0,0,0,0,0,0,0
FEV P7,0,0,0,0,0,0,0,0,0,0,0,0,0,0,0,0,0,0,0,0,1187.76,0,0,0,0,0,0,0,0,0,0,0,0,0,0,0,0,9051.56,0,3440.4,0,0,0,0,0,0,0,0,0,0,54890.04,0,3369.36,0,2572.96,2532.16,0,0,0,0,1972.6,0,0,0,0,0,0,0,0,0,0,0,0,0,0,0,0,0,0,0,0,7043.52,0,0,0,0,0,0,0,0,0,5096.96,0,0,0,471.24,0,0,0,0,0,0,0,753.08,0,0,0,1047.2,0,0,0,356.28,0,0,0,0,0,0,0,0,0,0,145.4,0,0,0,833.52,0,0,0,0,0,0,0,0,0,0,0,0,0,0,0,0,0,0,0,0,5747.04,0,0
MAR P7,0,1017.888,0,0,0,0,0,0,0,0,0,0,0,0,0,0,0,0,0,0,0,0,0,0,0,0,0,0,0,0,0,0,0,0,0,0,0,0,0,0,0,0,0,0,0,0,0,288.192,0,3165.12,0,0,0,0,0,0,4763.664,0,0,0,0,0,0,0,0,0,0,0,0,0,0,0,28862.496,0,0,0,0,0,0,0,0,0,0,0,0,0,0,0,0,0,0,0,0,0,0,0,628.32,0,0,0,0,0,0,0,0,0,0,0,0,0,0,142.512,0,0,0,0,0,0,0,0,0,0,0,0,0,0,0,0,0,0,0,0,0,0,0,0,0,0,0,0,0,0,0,0,88545.312,0,0,0,0,0
ABR P7,0,0,0,0,0,18849.6,0,0,0,0,0,6283.2,0,0,0,0,0,0,0,0,0,0,0,0,0,0,0,0,0,0,424.76,0,0,0,0,0,2021.68,0,0,0,0,0,0,0,0,0,0,0,0,0,54890.04,0,1684.68,0,0,0,3969.72,0,0,0,0,0,0,0,13836.88,0,0,0,0,0,0,0,24052.08,0,0,0,0,0,0,0,0,0,0,0,0,0,0,0,0,0,0,0,0,0,0,0,0,0,0,0,0,0,0,0,1270.92,0,0,0,0,0,0,0,0,0,0,0,0,0,0,0,0,0,0,0,0,0,0,0,0,0,0,0,0,0,0,0,0,0,0,0,0,0,0,0,73787.76,0,0,0,0,0
MAI P8,0,0,0,0,0,0,0,0,0,0,0,11388.3,0,0,0,0,0,0,0,0,0,0,0,0,0,0,0,0,0,0,0,0,0,0,0,0,0,32811.905,0,4157.15,0,0,0,0,0,0,0,0,0,0,198976.395,0,6106.965,0,0,0,0,0,0,0,0,0,0,0,0,0,0,0,0,0,0,0,0,0,0,0,0,0,0,0,0,0,0,0,0,0,0,0,0,0,0,0,0,0,0,0,0,0,0,0,0,0,0,0,0,0,0,949.025,0,0,0,0,449.21,0,0,0,0,0,0,0,0,0,0,0,0,0,0,3076.61,0,0,0,0,0,0,15743.23,0,0,0,0,0,0,0,0,0,0,0,0,0,0,0
JUN P8,0,0,0,0,0,2356.2,0,0,0,0,848.25,2356.2,0,0,0,290.43,0,0,0,0,0,0,0,0,0,2945.25,0,4550.4,0,0,0,0,424.11,0,0,0,758.13,3394.335,0,430.05,0,0,0,0,0,0,0,0,0,0,0,0,0,0,0,0,0,0,0,0,0,0,0,0,0,0,0,0,5657.1,0,0,0,0,0,0,0,0,0,3902.34,0,0,0,0,0,0,0,0,0,0,0,0,0,0,0,0,0,1472.625,0,0,0,0,0,0,0,0,0,0,0,0,168.375,0,0,23.235,0,0,0,1089.51,0,0,0,0,0,0,0,0,0,0,0,0,0,0,0,0,0,0,0,0,0,0,3936.06,0,0,0,0,0,0,0,0,0,0
JUL P8,0,0,0,0,0,2356.2,0,0,0,0,848.25,2356.2,0,0,0,290.43,0,0,0,37.71,0,0,0,0,0,2945.25,0,4550.4,0,0,0,0,424.11,0,0,0,758.13,3394.335,0,430.05,0,0,0,0,0,0,0,0,0,0,0,0,0,0,0,0,0,0,0,0,0,0,0,0,0,0,0,0,5657.1,0,0,0,0,0,0,0,0,0,5203.12,0,0,0,0,0,0,0,0,0,0,0,0,0,0,0,0,0,1505.35,0,0,0,0,0,0,0,0,965.1,0,0,0,0,0,0,30.98,0,0,0,1815.85,0,0,0,0,0,0,0,0,0,0,0,0,0,0,0,0,0,0,0,0,0,0,3936.06,0,0,0,0,0,0,0,0,0,0
AGO P8,0,0,0,0,0,7665.504,0,0,0,0,2759.64,3832.752,0,0,0,1417.2984,0,0,0,0,0,0,0,0,0,0,0,9869.312,0,0,518.2072,0,0,0,0,0,0,11042.9032,0,0,4808.3616,0,0,0,0,0,0,0,0,0,0,0,2055.3096,2316.8776,0,0,4843.0584,0,0,0,0,0,0,0,8440.4968,5044.5048,8308.2,0,0,0,0,0,0,0,0,0,0,0,0,92943.1624,0,8593.0944,0,0,0,0,0,0,0,0,0,0,0,0,0,574.9128,319.396,228.2376,1700.3872,0,0,0,0,0,3101.0448,2354.844,521.2328,0,0,0,0,0,0,0,0,0,1772.2696,0,0,0,0,0,0,0,0,0,4406.5424,1035.4384,0,0,2197.5616,0,0,0,0,0,0,0,0,0,0,3977.0536,0,0,0,0,0,0,0,0
SET P8,0,0,0,0,0,0,0,0,0,0,4343.04,7539.84,0,0,0,1548.96,0,0,0,0,0,0,0,0,0,0,0,33976.32,0,4241.28,509.712,0,0,0,0,0,0,0,0,0,0,3649.44,0,0,0,3553.152,0,0,0,0,0,0,0,0,0,3038.592,0,0,24402.384,0,0,0,0,0,8302.128,1653.936,0,0,9051.36,0,0,0,86587.488,0,0,0,0,0,0,182839.008,0,0,0,0,0,25406.208,24529.008,0,1903.968,0,0,0,0,0,0,0,4084.08,1346.976,0,0,0,0,0,903.696,0,0,0,0,0,0,0,0,0,0,226.176,0,0,2493.696,0,0,0,0,0,257.856,0,0,1333.632,3055.392,160.848,0,0,0,0,11083.536,0,0,0,0,0,0,158864.544,0,77375.52,141935.04,664089.84,0,0,0,0,0
DEZ P8,1527.981,0,0,0,0,0,0,0,0,0,0,0,0,0,0,0,0,0,0,0,0,0,0,0,0,0,0,0,0,0,0,0,0,0,0,1614.05,0,0,0,0,0,0,0,40108.681,0,0,0,0,0,0,0,0,0,0,0,0,0,0,0,0,0,0,0,0,0,0,0,0,0,0,0,0,0,0,0,0,0,0,0,0,0,0,32131.219,0,0,0,0,0,0,0,0,0,0,0,0,0,0,0,0,0,0,0,0,0,0,0,0,0,0,2166.425,0,0,0,0,0,0,0,2506.684,0,0,0,0,0,0,0,0,0,0,0,0,0,0,0,0,0,0,0,0,0,0,0,0,0,0,0,0,0,0,0,0
JAN P8,0,0,0,0,0,0,0,46878.349,0,0,0,0,0,0,0,0,0,0,0,0,0,0,0,0,0,0,0,0,0,0,0,0,0,0,0,0,0,0,37325.621,5533.31,0,0,0,0,0,0,0,0,0,0,0,0,0,0,0,0,0,0,0,0,19035.59,0,0,0,0,0,0,0,0,0,1256.43,0,0,0,323473.597,0,0,0,0,0,0,0,0,0,0,0,0,0,0,8624.591,0,0,0,0,0,0,0,0,0,0,0,0,0,0,0,0,0,0,8084.384,0,0,573.017,0,0,0,0,0,0,0,0,0,0,0,0,0,0,0,0,0,0,0,0,0,0,0,0,0,0,0,0,0,0,0,0,0,0,0,0,0,0
FEV P8,0,0,0,0,0,0,0,0,0,0,0,0,0,0,0,0,0,0,0,0,1187.76,0,0,0,0,0,0,0,0,0,0,0,0,0,0,0,0,9051.56,0,3440.4,0,0,0,0,0,0,0,0,0,0,54890.04,0,3369.36,0,2572.96,2532.16,0,0,0,0,1972.6,0,0,0,0,0,0,0,0,0,0,0,0,0,0,0,0,0,0,0,0,7043.52,0,0,0,0,0,0,0,0,0,5096.96,0,0,0,471.24,0,0,0,0,0,0,0,753.08,0,0,0,1047.2,0,0,0,356.28,0,0,0,0,0,0,0,0,0,0,145.4,0,0,0,833.52,0,0,0,0,0,0,0,0,0,0,0,0,0,0,0,0,0,0,0,0,5747.04,0,0
MAR P8,0,0,0,0,0,0,0,0,0,0,913.848,0,0,0,0,0,0,0,0,0,0,0,0,0,0,0,0,0,0,0,0,0,0,0,0,0,0,0,0,579.134,0,0,0,0,0,0,0,0,0,0,0,0,0,0,0,633.04,0,0,0,0,0,0,0,0,3459.22,0,0,0,0,515.504,0,0,0,0,0,0,0,0,0,0,0,3521.76,0,0,0,0,0,0,0,0,0,1274.24,0,0,0,0,0,0,0,0,0,0,0,0,0,0,0,0,0,0,0,59.9738,0,0,0,75.4,0,0,0,0,0,0,0,0,0,0,0,0,0,0,0,0,0,0,0,0,0,0,0,0,11142.5826,0,0,0,0,0,0,0,0,0
ABR P8,0,0,0,0,0,0,0,0,0,0,0,0,0,0,0,0,0,0,0,0,0,0,0,0,0,0,0,0,0,0,0,0,0,0,0,0,0,9051.56,0,3440.4,0,0,0,0,0,0,0,0,0,0,54890.04,0,3369.36,0,2572.96,2532.16,0,0,0,0,1972.6,0,0,0,0,0,0,0,0,0,0,0,0,0,0,0,0,0,0,0,0,7043.52,0,0,0,0,0,0,0,0,0,5096.96,0,0,0,471.24,0,0,0,0,0,0,0,753.08,0,0,0,1047.2,0,0,0,356.28,0,0,0,0,0,0,0,0,0,0,145.4,0,0,0,833.52,0,0,0,0,0,0,0,0,0,0,0,0,0,0,0,0,0,0,0,0,5747.04,0,0
MAI P9,0,0,0,0,0,0,0,0,0,0,0,0,0,0,0,0,0,0,0,0,0,0,0,0,0,0,8245.135,102636.8,0,2562.44,0,0,0,0,0,0,0,32811.905,0,0,0,0,0,0,0,0,0,0,0,0,0,0,0,0,0,4589.54,0,0,0,0,0,0,0,0,75238.035,0,0,0,0,0,0,0,0,0,0,0,0,0,0,0,0,25532.76,0,0,0,0,0,0,0,0,0,0,0,0,0,0,0,0,0,0,0,0,0,0,0,0,0,0,0,0,0,0,0,0,0,0,0,0,0,0,0,0,0,0,0,0,1007.17,0,0,0,0,0,0,0,0,0,0,0,0,0,0,0,0,0,0,0,0,0,0,0
JUN P9,0,0,0,0,0,0,0,0,0,0,2985.84,0,0,0,0,425.964,0,0,0,0,0,0,0,0,0,0,0,66739.2,0,0,0,0,0,0,0,0,0,0,0,0,2167.704,0,0,0,0,0,0,0,0,0,0,0,5559.444,0,0,0,0,0,0,0,0,0,0,0,0,0,0,0,0,0,0,0,0,0,0,0,0,0,0,0,0,0,0,0,0,0,0,0,0,0,0,0,0,0,0,0,0,0,0,0,0,0,0,0,0,0,0,0,0,0,0,0,0,0,0,0,0,0,0,0,0,0,0,0,0,0,0,11203.104,0,0,0,0,0,0,0,0,0,0,0,0,0,0,0,0,0,0,0,0,0,0
AGO P9,0,0,0,0,0,0,0,0,0,0,1628.64,0,0,0,0,0,181.008,107.76,0,0,0,658.944,0,0,0,4712.4,0,0,0,848.256,0,0,0,0,0,0,0,0,0,1376.16,788.256,1094.832,0,0,0,0,0,0,0,0,0,0,0,2278.896,3087.552,0,0,0,0,0,0,0,0,0,0,3307.872,20430,0,0,8574.72,0,0,28862.496,0,0,0,0,0,0,0,0,16904.448,0,0,0,4234.368,0,5292.96,951.984,0,0,0,0,0,0,0,0,897.984,836.256,0,0,0,11967.984,0,0,0,0,0,0,1347,0,0,0,0,0,180.96,3486.432,0,0,0,0,0,0,268.6,0,0,0,5092.32,482.544,0,0,0,0,0,0,0,0,942.5,0,0,26477.424,0,0,0,0,0,0,0,0,0
SET P9,380.016,0,0,0,0,0,0,0,6537.024,0,1085.76,0,0,0,0,929.376,0,0,0,0,0,82.368,0,0,13577.376,0,0,14561.28,0,0,509.712,0,0,0,0,0,0,21723.744,0,0,4729.536,0,33102.912,0,0,0,0,0,0,0,0,0,0,0,0,4557.888,71454.96,0,0,0,0,0,24456.384,0,16604.256,3307.872,4086,0,0,1224.96,0,0,0,0,0,0,0,0,0,95228.65,0,25356.672,0,0,0,0,0,5292.96,0,0,0,0,0,0,0,0,314.16,224.496,0,0,0,0,0,1807.392,1525.104,0,0,0,0,0,0,142.512,74.352,89.568,0,0,5229.648,0,0,0,0,0,0,0,0,0,2667.264,0,0,0,0,0,0,0,0,0,0,0,0,0,0,0,0,0,0,0,0,0,149.088,0
OUT P9,0,0,0,0,0,7539.84,0,0,13074.048,0,542.88,0,0,0,0,154.896,0,0,0,0,0,164.736,0,0,27154.752,0,0,4853.76,0,0,0,0,0,0,0,0,0,10861.872,0,0,11823.84,0,0,0,0,0,0,0,0,3165.12,0,0,6064.848,0,0,1519.296,0,0,0,0,0,0,24456.384,0,8302.128,6615.744,0,0,0,3674.88,312.48,0,57724.992,0,0,0,0,0,0,0,0,0,0,0,0,0,0,0,0,0,0,0,0,0,0,0,1256.64,0,0,39270,0,0,0,0,0,6948.72,0,0,0,0,0,0,0,0,0,0,0,0,0,0,0,0,0,257.856,0,0,0,0,0,0,0,0,0,0,0,0,0,0,0,0,0,0,0,0,0,0,0,0,0,0
NOV P9,0,0,0,0,0,0,0,0,0,0,0,0,0,0,0,0,0,0,0,0,0,0,0,0,0,0,0,4853.76,0,0,0,0,1357.152,0,0,0,0,0,0,2752.32,0,0,0,0,0,0,0,0,0,0,0,0,2021.616,0,0,0,0,0,0,0,0,0,0,0,0,0,0,3252.96,0,0,0,0,0,0,0,0,0,0,0,91419.504,0,8452.224,0,7685.856,7099.2,0,0,0,0,0,0,0,0,0,0,0,314.16,0,0,0,0,0,0,0,0,0,0,314.16,0,0,0,0,74.352,0,0,0,0,0,0,0,0,0,0,0,0,0,0,0,0,0,0,0,0,0,0,0,0,0,0,0,26477.424,0,0,0,0,0,0,0,0,0
DEZ P9,0,0,0,0,1222.205,45553.2,0,0,0,0,0,0,0,0,0,0,0,0,121.51,0,0,248.82,0,0,0,0,0,0,0,0,0,0,0,0,0,1274.25,0,0,0,8314.3,0,0,0,0,0,0,0,0,0,0,0,0,0,0,0,0,0,0,0,0,0,0,0,0,0,0,0,0,0,0,0,0,0,0,0,0,0,0,0,0,0,0,24140.035,0,0,0,0,0,0,0,0,0,0,0,0,0,949.025,0,0,0,0,0,0,0,0,0,0,0,0,0,0,0,224.605,0,0,0,0,0,0,0,0,0,0,0,0,0,0,0,0,0,0,0,0,0,0,12147.52,0,0,0,0,0,0,0,0,0,0,0,0,450.37,0
JAN P9,1147.965,0,0,0,0,0,0,0,0,0,0,0,0,0,0,0,0,0,0,0,0,0,60.755,0,0,0,0,0,0,0,0,0,0,0,0,1231.775,0,0,0,0,0,0,0,0,0,0,0,0,0,0,0,0,6106.965,0,0,0,0,0,24571.845,0,0,0,0,0,0,0,0,0,0,0,0,0,0,0,0,0,0,0,0,0,0,0,0,0,0,0,0,0,0,0,0,9238.24,0,0,0,0,0,0,0,0,0,0,0,0,0,0,0,0,0,0,0,0,0,0,0,0,0,0,0,0,0,0,0,0,949.605,0,0,0,0,0,0,0,0,0,0,0,0,0,0,0,0,0,0,0,0,0,0,0,0,0
FEV P9,0,0,0,0,0,0,0,0,0,0,452.4,3141.6,0,0,0,0,0,0,0,0,0,68.64,0,0,0,0,0,0,0,0,0,0,1130.96,0,0,0,2021.68,0,0,0,0,0,0,0,0,0,0,0,0,0,0,0,0,0,0,0,0,0,0,0,0,0,0,0,6918.44,0,0,0,0,0,0,0,0,0,0,0,0,0,0,0,0,7043.52,0,0,0,0,0,0,0,0,0,0,0,0,0,0,0,0,0,0,885.8,0,0,0,0,0,0,0,0,0,0,0,0,0,0,0,0,0,0,0,0,0,0,0,0,0,833.52,0,0,0,0,0,0,0,0,3351.04,0,0,0,0,22064.52,0,0,0,0,0,0,0,0,0
MAR P9,0,0,0,0,0,0,0,0,0,0,0,0,0,0,0,0,0,0,0,50.28,56.56,0,16.76,0,0,0,0,0,0,0,0,0,0,0,0,0,0,0,0,0,0,0,0,0,0,0,0,0,0,0,0,0,1684.68,0,0,0,3969.72,0,0,0,0,551.36,0,0,6918.44,0,0,0,0,0,0,0,0,0,0,0,0,0,0,0,0,0,0,0,0,3528.64,0,0,0,0,0,0,0,0,0,0,0,0,0,0,0,0,9973.32,753.08,0,0,0,0,0,0,0,0,0,0,0,150.8,0,0,0,0,0,0,0,0,0,0,0,0,0,0,0,0,0,0,0,0,0,0,0,0,0,0,32239.8,0,0,0,0,0,0,0
ABR P9,79.17,0,0,0,0,1570.8,0,0,0,0,0,0,0,0,0,0,0,0,0,0,28.28,137.28,0,0,0,0,0,0,0,0,0,0,0,0,0,84.95,0,18103.12,0,1146.8,0,0,0,0,0,0,0,0,0,0,109780.08,0,0,0,0,0,0,0,0,0,0,0,0,0,0,0,0,0,0,0,0,54358.44,0,0,0,0,0,0,0,0,0,0,0,0,0,0,0,0,0,0,0,0,0,0,0,0,0,0,0,0,0,0,0,0,0,0,0,0,0,0,0,0,61.96,0,0,0,0,0,0,0,0,0,0,0,0,0,277.84,0,0,0,0,0,0,0,0,0,0,0,15079.68,0,0,0,32239.8,0,0,0,0,0,0,0
